{"cookies":[{"name":"OFBiz.Visitor","value":"14908","domain":".leaftaps.com","path":"/","expires":1765529297,"httpOnly":false,"secure":false,"sameSite":"None"},{"name":"JSESSIONID","value":"E3B97D9A949211C6F1C47D57A945B327.jvm1","domain":".leaftaps.com","path":"/crmsfa","expires":-1,"httpOnly":false,"secure":false,"sameSite":"None"},{"name":"ai_user","value":"EaiGqRJTq6Bd3Fu7o2EBTn|2024-12-12T12:41:21.958Z","domain":"leaftaps.com","path":"/","expires":1765543281,"httpOnly":false,"secure":false,"sameSite":"None"},{"name":"_clck","value":"1tjll7v%7C2%7Cfrq%7C0%7C1807","domain":".leaftaps.com","path":"/","expires":1765793926,"httpOnly":false,"secure":false,"sameSite":"None"},{"name":"JSESSIONID","value":"EA36EBAA48A40265FFC5D3E8EE8CFED6.jvm1","domain":"leaftaps.com","path":"/opentaps","expires":-1,"httpOnly":false,"secure":false,"sameSite":"None"},{"name":"_ga_XC5DRQT2CH","value":"GS1.1.1734264313.6.0.1734264313.0.0.0","domain":".leaftaps.com","path":"/","expires":1797336313,"httpOnly":false,"secure":false,"sameSite":"None"},{"name":"_ga_BFM17W6LPR","value":"GS1.1.1734264313.6.0.1734264313.0.0.0","domain":".leaftaps.com","path":"/","expires":1797336313,"httpOnly":false,"secure":false,"sameSite":"None"},{"name":"ai_session","value":"NkxwUatjiXsNDiOFUI8qy4|1734264313305|1734264313305","domain":"leaftaps.com","path":"/","expires":1734266113,"httpOnly":false,"secure":false,"sameSite":"None"},{"name":"_ga","value":"GA1.2.1006830274.1734007282","domain":".leaftaps.com","path":"/","expires":1797336313,"httpOnly":false,"secure":false,"sameSite":"None"},{"name":"_gid","value":"GA1.2.1148447945.1734172315","domain":".leaftaps.com","path":"/","expires":1734350713,"httpOnly":false,"secure":false,"sameSite":"None"},{"name":"_gat_gtag_UA_241053063_1","value":"1","domain":".leaftaps.com","path":"/","expires":1734264373,"httpOnly":false,"secure":false,"sameSite":"None"},{"name":"JSESSIONID","value":"05006712C4168BB7B1538D82666B0176.jvm1","domain":"leaftaps.com","path":"/crmsfa","expires":-1,"httpOnly":false,"secure":false,"sameSite":"None"},{"name":"OFBiz.Visitor","value":"14908","domain":"leaftaps.com","path":"/","expires":1765800312,"httpOnly":false,"secure":false,"sameSite":"None"},{"name":"CLID","value":"b06908fda502408b9e76b0780dc77501.20241212.20251215","domain":"www.clarity.ms","path":"/","expires":1765793926,"httpOnly":true,"secure":true,"sameSite":"None"},{"name":"SM","value":"T","domain":".c.clarity.ms","path":"/","expires":-1,"httpOnly":false,"secure":true,"sameSite":"None"},{"name":"MUID","value":"15472CFBF45E67BE2B7139AFF05E6957","domain":".clarity.ms","path":"/","expires":1767953926,"httpOnly":false,"secure":true,"sameSite":"None"},{"name":"MUID","value":"338BBE907F8664673B11ABC57E2B65F0","domain":".bing.com","path":"/","expires":1767868315,"httpOnly":false,"secure":true,"sameSite":"None"},{"name":"MR","value":"0","domain":".c.bing.com","path":"/","expires":1734777115,"httpOnly":false,"secure":true,"sameSite":"None"},{"name":"SRM_B","value":"338BBE907F8664673B11ABC57E2B65F0","domain":".c.bing.com","path":"/","expires":1767868315,"httpOnly":false,"secure":true,"sameSite":"None"}],"origins":[]}